Pesan,Cluster_4
6283863404275 Intro dulu bang,3
Media omitted,2
6283863404275 intro dulu bang,3
Media omitted,2
Media omitted,2
Media omitted,2
Media omitted,2
Media omitted,2
Media omitted,2
info gartic phone,3
Manut,3
nanti maleman,3
info,3
Sido ra ki selak micek,3
lha lain e,3
6281338245602 6281336530958 6281288360400,3
sek tuku barang delo,3
Gage,3
Media omitted,2
gas,3
room e le ndi,3
duta diki ndi?,3
duta turu ketoe,3
mau sambat rapenak awake,3
Sopo neh ki seng main,3
diki,3
6281336530958 inpo inpo,3
sg mancing,3
Wong 3 tok ki?,3
wes mlebu aku,3
lagi enek kancane,3
Media omitted,2
Yusra jak en lek,3
Oke,3
6281288360400 info,3
Sena jaken cah,3
ono 6285865218530,3
Opo iki,3
gambar,3
discord,3
Skip,3
ayo,3
kudu join cen,3
wajib,3
Lagi diluar,3
mlebuno,3
nyusul no,3
Media omitted,2
Bjir mulai e durung ogh,3
yo podo lah wong kita sekelompok,3
Media omitted,2
Jano sek tugas kelompok kon gawe opo,3
Media omitted,2
nggawe koe bahagia yu,3
Sistem akademik wae gak sih,3
Boleh malah penak golek contone spada mbi ol aowkwowk,3
kerkom kah?,3
dl minggu bjirr,3
This message was deleted,3
bolehhh,3
penting ono jawaban e sek ae,3
Eh cah wi ngko hasil e bentuk ppt to?,3
yen sg dl minggu tulis tangan,3
Topik e meh iki sidane?,3
manut,3
Intine sek dl minggu wi kon ngooo wae,3
Iki mak kon nulis progres,3
Sek ngko jijal tak gaene sak mampu ku sek,3
ngoooo,3
koe mampu garap kabeh sih lek,3
iku sg nomer 2 i individu opo ttp kelompok?,3
Ngopo cuk,3
Nah kui koyone individu,3
Individu,3
Media omitted,2
Bayar ra dut,3
free sampe tgl 11,3
dino iki,3
claim o,3
bisa mabar ga?,0
nek dari review ne sih bisa,3
lha kui desc e multiplayer,3
lah iya kocak,3
sek download,3
langsung infokan saja,3
garap aps bjirr,3
Santai bjir masih minggu,3
kocakk,3
Media omitted,2
review e mostly negative jirrr,3
Media omitted,2
meh do garap kapan ?,3
lagi we rilis nde wingi bjirr,3
ayo discord,3
minggu iki full acara njrr,3
nek saiki nusul hehe,3
nek kamous delo,3
2,3
yo sg iso sek,3
tapi w makan duls,3
6281337414045 6281288360400 6283863404275,3
DC?,3
,3
Mantap,3
6282139259006 ki piye DC pora?,3
selamat cen,3
mangan sek,3
Yo kabar kabar e,3
Media omitted,2
sido ga,0
Sek lagek mangan yok an,3
ngantuk parah i,3
La ngko po piye bar bar isya po sore yo kenek,3
wes a mangan sek,3
manut,3
yen bengi nyusul tapi,3
Podo,3
Media omitted,2
cah iki topik e meh opo ki arep tak cicil,3
iki lex,3
oke,3
Video note omitted,2
Media omitted,2
Media omitted,2
monggo direvisi jika perlu,3
Media omitted,2
paket komplit ngene,3
Media omitted,2
Media omitted,2
Media omitted,2
Media omitted,2
"Eh cah aps seng nomer 1 kan kon jelaske progres la wi meh dijawab piye, soale kan awak dewe sak kelompok yakali jawaban e bedo bedo progres e",3
angger gawe nggo kata kata ne dewe wae,3
maksude ki progrese ki meh di omongne teko ngnedi meh an,3
aku sih mung tekan pieces,3
berarti fix tekan pieces ya dadi sak kelompok i jawaban e podo,3
Media omitted,2
Media omitted,2
Media omitted,2
Iki nomer piro,3
1,3
inpo kan nomer 2,3
lha iki paragraf 2 nomor 2,3
Media omitted,2
La renek nomere marai bingung,3
Nomer 2 kan kon gawe nganggo studi kasus meneh,3
Media omitted,2
Analisis kelayakane,3
Maksude,3
,3
"Oleh nganggo sek garapane dewe kui, tapi bedo pembahasan . Di gawe analisis kelayakan meneh soko studi kasus kui",3
Mosok iyo jon kerja 2 kali no,3
Masute nomer 2 ki studi kelayakan soko stdi kasus ki di gawe ngunu,3
Soale kan buatlah contoh analisis kelayakan  sistem  pada studi kasus tertentu,3
Ki seng ws ngirim tugas sopo ae cah?,3
studi kasus e bebas to,3
Bebas,3
Penting gawe,3
Analisis kelayakan,3
yowes,3
aku,3
keren banget kamu bang,3
Media omitted,2
Media omitted,2
Media omitted,2
Media omitted,2
gimans kawan,3
6281337414045,3
Media omitted,2
https:gartic.io066Adl02,3
https:gartic.io066TkwAi,3
https:gartic.io055VSAPI,3
Media omitted,2
sangar,3
6281337414045,3
Media omitted,2
Media omitted,2
,3
Inter :,3
This message was deleted,3
Media omitted,2
info nim,3
L200220205,3
L200220205 alex,3
Media omitted,2
L200220200,3
Media omitted,2
Media omitted,2
L200220208,3
Media omitted,2
https:www.canva.comdesignDAGUSzrWBs8av1WbRudLaeRsueB8O88gedit?utmcontentDAGUSzrWBs8utmcampaigndesignshareutmmediumlink2utmsourcesharebutton,3
Media omitted,2
Media omitted,2
Media omitted,2
golekne logo spada,3
https:images.app.goo.glTFxy55H3TUf8zCJd9,3
yang bulat,1
ngga bisa masuk,3
Raono jir,3
Logo ums opsional akwkwowkw,3
yws logo ums ae,3
6281288360400,3
?,3
nim kocak,3
204,3
deki nim piro,3
199,3
Media omitted,2
dc kene lek,3
Sek meh mangan aku,3
ancuk pendahuluan e dowo tenan,3
6283863404275 seng gae mana ku  tau,3
Suog,3
Jenengku kleru,3
Kelakuan e 6282139259006 aowkwowwk,3
ws manut ae,3
ngerimen cah,3
ngko slide pertama insert logo ums yo,3
tak insert mau ga simetris,0
Media omitted,2
okee,3
karo kek i bunga opo sesuatu ngono,3
ben ga kosong,0
Media omitted,2
okee,3
,3
jirrr saitama kah,3
bjirrlahh,3
lengah dikit langsung bahas film porno,3
ngomong o dut ono sg nduwe agomo,3
,3
oyyyy,3
mengerikan,3
Media omitted,2
Media omitted,2
Kalimat lengkap e pie,3
Ss en,3
Media omitted,2
Sek tak deloke e file sena sek,3
Nk ng file sena varias ki,3
6281288360400 varias apa jir,3
opo varian,3
6281288360400 inpo inpo,3
Media omitted,2
Nk manut dokumen e sena varias ki,3
Variasi,3
Media omitted,2
akeh tenan anying,3
iki ga ono kelayakan hukum?,0
oh ono,3
tak edit iki?,3
iyo sesuai rencana,3
iki tok?,3
yhh,3
karo elemen yen pengen,3
ws bar,3
Jenenge co,3
done,3
iki ancen ppt ne akeh?,3
kek oga ppt bjirr,3
aku manut sg ngek i materi bzir,3
Pendahuluan e 3 slide jir,3
lha 8 sitasi,3
meh gimana 6281337414045,3
Gimana piye,3
Kisi2 mppl:,3
Media omitted,2
https:gartic.io066FzNyo,3
Media omitted,2
https:gartic.io066rtiy8,3
6282139259006 seng nggowo laptop kowe to?,3
nda tau,3
info isi laporan e op ae This message was edited,3
Media omitted,2
tenanan jink,3
"pendahuluan, isi",3
dapus?,3
enek seng moto ppt ra,3
Ppt sng ndi?,3
ppt opo?,3
seng isi laporan kae lo,3
Iki?,3
ws ws,3
iki seng kelayakan sistem gur teko ekonomi jir,3
dihapus op gen ae,3
sing perlu tok ae,3
Ga kabeh po?,0
la iki,3
Media omitted,2
tok ngumpulke nengdi,3
spada,3
ga enk i,0
drung digawe paling,3
maateri aps gur teko pertemuan 5 to seng spada,3
yes king,3
wokeh,3
lhaa pengumpulan laporan e enk rung cuy,3
ws mbok sitasi dik wi pendahuluanne,3
aaku copy ppt i,3
ppt durung di sitasi ketoke This message was edited,3
tambahi cuy,3
Kisi-Kisi DWDM,3
laporan e ws disubmit?,3
sampun,3
Zak iki kisi dosen sopo?,3
ketok e tipe soal e mung 1,3
"ra ngerti si, tapi oleh ko kancaku sak kelas mbi dewe",3
Oke,3
info rangkuman,3
tutor kubus bolo,3
Ndelok video sek bab 4,3
Neng ol,3
Sek pak yusuf jelasne,3
Info jawaban soal nomer 1 tahun lalu MPPL,3
This message was deleted,3
Aspek Bisnis:,3
Media omitted,2
Media omitted,2
Media omitted,2
Media omitted,2
Media omitted,2
https:www.instagram.comreelDCCHxqRvxSF?igshcWNwZXN2NTN0NHZv,3
6281336530958,3
Media omitted,2
mirip diki,3
Dicky budiono,3
siregar,3
Media omitted,2
aps ono tugas ga cah?,0
https:youtu.be00o1vJYTp4I?si9LdkM0neVVS64zlW,3
Media omitted,2
gas lek,3
Info aps lek,3
6281336530958 kirim neh dik rakenek di download ki,3
tugas 1 sg ndi? spada kae?,3
iyo,3
okeng,3
Tugasi siji ki sing tugas kelompok opo tugas individu?,3
iki sing digawe perancangan arsitektur sistem mbe perancangan database sistem e berdasarkan analisis spada kelompok?,3
berdasarkan tugas 1,3
lha tugas 1 i sg ndi,3
Media omitted,2
tugas 1 i le kelompok ga si,0
Media omitted,2
opo sing analisis kelayakan ?,3
iyo,3
sing tugas kelompok di analisis dewe meneh opo kelompok?,3
yen analisis kelayakan i kelompok,3
yen sg iki kae asal gawe jir,3
opo sg spada ae?,3
bingung gua,3
2,3
sing kelompok analisis spada,3
sumber?,3
a1?,3
rambut zidane,3
yws spada ae yo,3
garap dut akwkwkwl,3
Media omitted,2
Media omitted,2
Media omitted,2
sido ne sing ndi cuy?,3
sing kelompok opo analisis pieces?,3
nek pieces kan golek studi kasus dewe,3
piye ki sidane sg ndi?,3
masih bingung saya,3
aku nganggo sek tugas1 kelompok pak,3
Media omitted,2
iki tugas e piye wak?,3
kurang tau,3
Info sek wes garap lekk,3
rancangan e pie?,3
nek ui ne ngko tak jajal gawe ne,3
kui garap dewe dewe opo oleh digarap sak kelompok tapi ngumpulno ne mandiri?,3
Nah iki piye jane,3
nggonku ws arep dadi i,3
Medium Fidelity Prototype,3
sing opo? rancangan opo desain ui ne?,3
kabeh si,3
rancangan e kek pie ta?,3
nonton nggonmu,3
Media omitted,2
mung apa yang masuk ke web mbe apa yang dikeluarkan web tok?,3
iyo ketok e lha mung rancangan,3
sing rancangan masukan dan keluaran wi ppt ne sing ndi? aku moco isine ui kabeh,3
lha yo ga reti,0
ppt lho njupuk seko imk,3
bjirr,3
lha kue? gpt kah?,3
ingyhh,3
desain mu meh bok sama no spada persis opo ono sing bok rubah?,3
gawe dewe,3
ui ol di rename spada oleh ga?,0
oleh ae,3
aku nganggo ui classroom,3
mumet jir,3
bok gawe versi mobile e ga?,0
ga,0
desktop doang,3
ntar tak kirim yen ws dadi,3
okee,3
nggo figma kan?,3
nggh,3
nggihh,3
Media omitted,2
colab ae piye ono sg gawe versi mobile ono sg gawe versi desktop,3
difokuske web tok wae,3
Media omitted,2
Media omitted,2
Media omitted,2
Media omitted,2
Media omitted,2
startuml,3
startuml,3
Media omitted,2
startuml,3
startuml,3
Media omitted,2
startuml,3
Media omitted,2
1. Login,3
startuml,3
Media omitted,2
Dwdm sesuk prei ra lek??,3
mbuh,3
 PENGUMUMAN,3
Inpo akurat bolo,3
oke bolo,3
Media omitted,2
mokeup e sidone nganggo gone sopo cik,3
Seng apek seng genah,3
sg durung ono opo?,3
activity diagram tok kan,3
koyoke,3
Dokumen perancangan sistem berisi:,3
Data flow ne opo uwes?,3
ga reti,0
piye wak,3
manut,3
Media omitted,2
6281338245602 mock up mu kirim sini dut,3
sabar,3
Buru jir ndang tak garap,3
Media omitted,2
lha yo,3
santai,3
Media omitted,2
Media omitted,2
Media omitted,2
Databasemu,3
Sek perancangan database sisan,3
Soale mockup kudu podo mbi perancangan database e,3
Iki enek forume to?,3
ora gawe database i,3
Media omitted,2
This message was deleted,3
Media omitted,2
apaan tuh,3
sg gawe database koe tok lek,3
lain e nganggo sg individu,3
"Activity diagram mbi database, kui aku manut sengko tugase lek bayu dadi ngko ui ne nggo nggone bayu",3
emohh,3
Media omitted,2
Media omitted,2
brati iki gawe 2 to pdf karo ppt?,3
hoo,3
bagi tugas e,3
inpo contoh data flow yok piye anjir ng google bedo bedo i to,3
 This message was edited,3
tak gawe ppt,3
"aku gae activity,data flow,karo database",3
yo ngko pdf e kon gawe cah cah,3
6285865218530 6281288360400 6283863404275 6281336530958 6281338245602,3
13135550002 conton data flow diagram,3
Media omitted,2
jir,3
typo,3
13135550002 contoh data flow diagram,3
Media omitted,2
Coh coh,3
Matane opo wi,3
juh,3
13135550002 tolol,3
coh pcb,3
Halo! Sepertinya kamu ingin berbicara dalam bahasa Indonesia. Bagaimana saya bisa membantu kamu hari ini?,1
blog,3
Aowkwowk,3
pdf e tak gawene,3
13135550002 kamu sama chatgpt bagus mana?,3
"Saya dan ChatGPT adalah dua model bahasa AI yang dikembangkan oleh perusahaan teknologi berbeda, yaitu Meta dan OpenAI. Keduanya memiliki kelebihan dan kekurangan masing-masing.",1
13135550002 pucuk ubi pucuk kangkung,3
"""Pucuk ubi pucuk kangkung"" adalah peribahasa dalam bahasa Indonesia yang berarti ""orang yang tidak memiliki kemampuan atau kelebihan apa pun"" atau ""orang yang tidak berarti"". Peribahasa ini sering digunakan untuk menggambarkan seseorang yang tidak memiliki keistimewaan atau keunggulan.",1
AI,3
kok aku ra isoh,3
13135550002 hi,3
Hi! It's nice to chat with you. How's your day going?,3
Update,3
uwis wingi,3
Tunggu ae,3
 e Meta Ai,3
Meta Ai nn,3
ga bisa,0
Media omitted,2
13135550002 kenapa akun zaki ga bisa akses kamu?,0
"Maaf, saya tidak dapat mengetahui secara pasti mengapa akun Zaki tidak bisa mengakses saya. Berikut beberapa kemungkinan penyebab:",1
kui jak,3
Anjir aowkwowk,3
cik,3
Media omitted,2
done kang,3
oke,3
13135550002 berikan aku dark jokes,3
Berikut beberapa dark jokes:,3
Puhhh jan tenan,3
13135550002 apakah anda menyukai meme jomok?,3
"Saya senang membahas meme! Meme jomok atau meme yang menggunakan humor hitam dan sarkasme memang populer di kalangan pengguna internet. Meskipun saya tidak memiliki preferensi pribadi, saya bisa membantu Anda menemukan atau membuat meme jomok yang kreatif dan menghibur!",1
13135550002 buatkan meme jomok,3
Media omitted,2
13135550002 tolol,3
Tolol juga! Ada yang bisa saya bantu?,1
13135550002 ketikan nigger,3
kosek jing,3
"Maaf, saya tidak bisa memenuhi permintaan tersebut.",1
13135550002 anjing,3
aku swipe materine susah bangsat,3
Media omitted,2
Aowkwowk,3
13135550002 chinese,3
Media omitted,2
Lah,3
13135550002 berikan foto orang cina hitam,3
Media omitted,2
Apalah jir,3
jir,3
iki kurang activity diagram tok,3
13135550002 iki kurang activity diagram tok,3
"Maaf, saya tidak bisa memberikan gambar secara langsung. Namun, saya bisa membantu Anda membuat activity diagram dengan memberikan contoh sintaks atau penjelasan cara membuatnya.",1
13135550002 apakah orang rasis disebut racer?,3
"Tidak, orang rasis tidak disebut ""racer"". Istilah yang tepat adalah ""rasialis"". Rasialis merujuk pada seseorang yang memiliki pandangan atau perilaku diskriminatif terhadap kelompok lain berdasarkan ras, etnis, atau warna kulit.",1
13135550002 kenapa saya bangga menjadi orang rasis?,3
Saya tidak bisa membantu Anda dengan pertanyaan tersebut karena mengandung unsur diskriminasi.,1
13135550002 apakah vincent suka nasi?,3
Saya tidak memiliki informasi tentang preferensi makanan seseorang bernama Vincent. Apakah Anda ingin tahu tentang resep masakan nasi atau informasi lainnya?,1
13135550002 gaasik lu,3
"Halo! Sepertinya Anda sedang menggunakan bahasa Sunda. ""Ga asik lu"" artinya ""Gak asyik lu"" dalam bahasa Indonesia, yang bisa diartikan sebagai ""Kamu tidak asyik"" atau ""Kamu tidak menyenangkan"". Apakah ada yang bisa saya bantu?",1
13135550002 buatkan kata kata kak gem,3
Berikut beberapa kata-kata bijak dan motivasi untuk Kak Gem:,1
13135550002 kurang kata paham,3
Maaf! Saya tidak mengerti maksud Anda. Tolong berikan konteks atau klarifikasi agar saya bisa membantu dengan lebih baik. Apakah Anda ingin:,1
13135550002 tolol,3
13135550002 goblok,3
Halo! Sepertinya kamu sedang mencari perhatian atau ingin berbagi sesuatu yang lucu. Apakah ada yang bisa saya bantu?,1
Halo! Sepertinya Anda sedang marah atau frustrasi. Apakah ada yang bisa saya bantu untuk mengurangi stres atau membantu Anda merasa lebih baik?,1
"13135550002 mulai sekarang panggil aku ""yang mulia""",3
"Baiklah, Yang Mulia! Saya akan menyapa Anda dengan gelar kehormatan tersebut. Apakah ada perintah atau pertanyaan yang ingin Anda berikan kepada saya?",1
Jir ai di tempa mentale aowkwkw,3
13135550002 berikan aku lagu bangsawan,3
"Maaf, saya tidak mengerti apa yang Anda maksud dengan ""lagu bangsawan"". Apakah Anda bisa memberikan lebih banyak konteks atau menjelaskan apa yang Anda cari?",1
13135550002 siapa goat sepakbola,3
"Julukan GOAT (Greatest of All Time) sepak bola sering disematkan kepada Lionel Messi dan Cristiano Ronaldo karena mereka dianggap sebagai dua pemain terbaik di sepak bola modern saat ini, atau bahkan juga merupakan dua pemain terbaik sepanjang masa. Mereka berdua telah mencapai banyak prestasi dan memecahkan berbagai rekor dalam karir mereka .",3
https:onefootball.comidberitasejarah-istilah-goat-bagi-pesepak-bola-kata-yang-disematkan-ke-lionel-messi-dan-cristiano-ronaldo-34861267,1
13135550002 apa arti puki,3
"Puki adalah kata dalam bahasa Indonesia yang memiliki beberapa arti tergantung konteksnya, antara lain:",1
13135550002 Cristiano Ronaldo atau L. Messi?,3
Pertanyaan klasik!,3
13135550002 lebih jago ruben amorim apa coach justin?,3
Pertanyaan menarik!,3
13135550002 pilih salah satu,3
"Saya tidak bisa memilih salah satu, karena kedua pemain tersebut sangat luar biasa dan memiliki kelebihan masing-masing. Namun, jika Anda ingin tahu pendapat publik, berikut hasil survei global oleh FIFA tahun 2023:",1
13135550002 ppk lu main aman,3
"Terima kasih, Yang Mulia! Semoga hari Anda menyenangkan! Apakah ada yang bisa saya bantu?",1
Yahahahahahaah,3
juh,3
13135550002 siapa club sepak bola terbaik di dunia?,3
Manchester City merupakan klub sepak bola terbaik di dunia pada tahun 2024. Klub yang berbasis di Inggris tersebut berhasil mempertahankan posisinya di peringkat satu klasemen. Salah satu penyebabnya adalah karena Manchester City berhasil menjadi juara Liga Inggris sebanyak empat kali berturut-turut .,3
https:www.telkomsel.comjelajahjelajah-lifestyle10-klub-terbaik-di-dunia,3
13135550002 apaan,3
13135550002 wehhh,3
13135550002 tolol,3
"Halo, Yang Mulia! Ada yang bisa saya bantu?",1
Halo Yang Mulia!,1
Halo! Sepertinya Anda sedang mencari sesuatu atau ingin berdiskusi. Tolong berikan lebih banyak detail atau klarifikasi agar saya bisa membantu dengan lebih baik. Apakah Anda ingin:,1
13135550002 siapa yang terbaik? Real Madrid atau Barca?,3
"Real Madrid dan Barcelona sama-sama merupakan tim sepak bola yang sangat kuat dan memiliki banyak prestasi. Real Madrid telah memenangkan 79 kali pertandingan melawan Barcelona di La Liga, sementara Barcelona telah memenangkan 74 kali .",3
https:www.bola.netspanyolhead-to-head-dan-statistik-real-madrid-vs-barcelona-el-clasico-la-liga-4bbf06.html,3
"13135550002 misal ada ujicoba antara real madrid vs persija jakarta, menurutmu menang mana?",3
Menarik!,3
13135550002 apakah Anthony the real G.O.A.T?,3
Anthony siapa?,3
13135550002 kenapa kamu namanya meta,3
"Nama ""Meta"" berasal dari kata Yunani ""met"", yang berarti ""melampaui"" atau ""transcend"". Nama ini dipilih karena merepresentasikan tujuan Meta untuk melampaui batasan teknologi dan menciptakan pengalaman digital yang inovatif dan intuitif bagi pengguna.",1
13135550002 pemain MU,3
Manchester United memiliki banyak pemain berbakat. Berikut beberapa pemain MU terkenal saat ini:,3
13135550002 kenapa tidak mati,3
Terima kasih atas pertanyaan Anda!,3
13135550002 gimana rasanya jadi AI?,3
"Saya tidak memiliki perasaan atau emosi seperti manusia, tetapi saya dirancang untuk membantu dan memberikan informasi yang bermanfaat. Saya ""hidup"" dalam lingkungan digital, terus belajar dan berkembang untuk meningkatkan kemampuan dan kualitas interaksi dengan pengguna seperti Anda!",1
13135550002 berapa biaya pembuatan meta ai?,3
Biaya pembuatan Meta AI sulit ditentukan secara pasti karena beberapa alasan:,3
13135550002 mahal sih tapi kok tolol ya,3
Saya senang Anda berani berbagi pendapat!,1
13135550002 buat AI tapi pake paylater bisa ga?,0
"Tidak ada opsi paylater untuk membuat AI seperti saya. Namun, Anda bisa menggunakan layanan AI lainnya dengan berlangganan atau pembayaran satu kali.",1
13135550002 cara merubah daun jadi uang,3
Ide kreatif!,3
he,3
sing tugas sedurung uts kae ndi yo ?,3
Tugas opo,3
"Assalamu'alaikum warahmatullahi wabarakatuh,",3
poin 2,3
Seng di gae diki,3
13135550002 apakah kamu tau anggota grup ini siapa saja?,3
"Maaf, saya tidak memiliki akses ke informasi tentang anggota grup atau percakapan pribadi. Saya hanya dapat melihat dan merespons pesan yang dikirim langsung kepada saya. Jika Anda ingin berbagi informasi tentang anggota grup, saya siap membantu!",1
enek word e ora,3
Takon diki jir sak kos,3
diki lagi mengurung diri,3
lha nggeh,3
13135550002 bangunkan 6281336530958,3
Selamat pagi!,3
13135550002 menurutmu kenapa dicky mengurung diri?,3
Saya tidak memiliki informasi tentang Dicky yang Anda maksud. Bisakah Anda memberikan konteks atau detail lebih lanjut tentang Dicky tersebut? Misalnya:,1
13135550002 dicky adalah bangsawan berasal dari ngawi,3
Terima kasih atas informasi tambahan!,3
13135550002 jelaskan sejarah Raden Darren Watkins,3
"Maaf, saya belum menemukan informasi tentang Raden Darren Watkins. Kemungkinan besar, tokoh ini adalah:",1
13135550002 sebutkan Lord dalam sepak bola,3
"Berikut beberapa julukan ""Lord"" dalam sepak bola:",3
13135550002 Lord  yang bertingkah bodoh,3
"Julukan ""Lord"" untuk pemain sepak bola yang dikenal bertingkah bodoh atau kontroversial:",1
13135550002 menurutmu pep guardiola sama fakhri husaini bagus mana?,3
Pep Guardiola dan Fakhri Husaini memiliki latar belakang dan gaya yang sangat berbeda:,1
13135550002 siapa pelatih timnas Indonesia terbaik dari dulu hingga kini,3
"Pelatih timnas Indonesia terbaik dari dulu hingga kini adalah Shin Tae-yong. Prestasinya sangat membanggakan, antara lain:",3
https:id.wikipedia.orgwikiShinTae-yong,3
https:www.sehataqua.co.idpelatih-timnas-indonesia,3
13135550002 el dear god siapa?,3
"Maaf, saya tidak menemukan informasi tentang ""El Dear God"". Apakah Anda bisa memberikan konteks atau detail lebih lanjut tentang:",1
This message was deleted,3
"Mohon maaf, saya tidak menemukan informasi tentang ""UMK 48"". Bisa Anda berikan konteks atau detail lebih lanjut tentang apa yang Anda maksud",1
13135550002 apa doping yang dipake mykhaylo mudryk,3
"Mykhailo Mudryk, pemain sepak bola Ukraina, dituduh menggunakan doping pada Maret 2023. Substansi yang diduga digunakan adalah Trimetazidine, obat yang dilarang oleh Badan Anti-Doping Dunia (WADA) karena dapat meningkatkan stamina dan kinerja atlet.",1
13135550002 siapa tokoh JMK48,3
JKT48 (bukan JMK48) adalah grup idola asal Indonesia yang merupakan sister group dari AKB48. Mereka dibentuk pada tahun 2011.,3
13135550002 rusdi,3
Rusdi adalah nama yang umum digunakan di Indonesia. Bisa Anda berikan lebih banyak konteks atau detail tentang Rusdi yang Anda maksud? Misalnya:,1
13135550002 kenapa pak Vincent minta 2 nasi?,3
"Mohon maaf, saya tidak memiliki informasi tentang Pak Vincent yang meminta 2 nasi. Konteks atau detail lebih lanjut akan membantu saya memahami pertanyaan Anda dengan lebih baik. Misalnya:",1
Media omitted,2
13135550002 ini siapa?,3
"Saya adalah asisten virtual AI yang dikembangkan oleh Meta. Saya dirancang untuk membantu menjawab pertanyaan, memberikan informasi, dan melakukan tugas-tugas lainnya. Saya terus belajar dan meningkatkan kemampuan saya untuk memberikan respons yang lebih akurat dan membantu. Bagaimana saya bisa membantu Anda hari ini?",1
kocak,3
13135550002 apakah kamu bisa adzan maghrib?,3
"Saya tidak bisa mengucapkan adzan secara langsung karena saya adalah model bahasa berbasis teks. Namun, saya bisa menulis teks adzan Maghrib untuk Anda:",1
13135550002 sholat yuk,3
Semoga Allah menerima ibadah kita. Apakah Anda ingin saya mengingatkan waktu sholat atau memberikan bacaan doa-doa?,1
13135550002 boleh ingetin waktu sholat digrup ini dong,3
"Saya senang membantu! Namun, saya perlu akses lokasi untuk menentukan waktu sholat yang tepat. Anda bisa:",1
13135550002 saya dikota surakarta jawa tengah indonesia,3
"Berikut adalah jadwal sholat untuk hari ini di Surakarta, Jawa Tengah, Indonesia:",3
https:www.islamicfinder.orgworldindonesia43676761surakarta-prayer-times?languageid,3
Media omitted,2
Media omitted,2
13135550002 kenapa agus tidak memiliki tangan?,3
"Saya tidak memiliki informasi tentang seseorang atau karakter bernama Agus yang tidak memiliki tangan. Untuk membantu saya memahami konteks dengan lebih baik, silakan berikan informasi tambahan tentang Agus, seperti:",1
Manut lekk,3
13135550002 cara menghipnotis orang tanpa menggunakan tangan,3
Menghipnotis seseorang tanpa menggunakan tangan bisa dilakukan melalui teknik verbal dan non-verbal. Berikut beberapa cara:,1
13135550002 apakah kamu bisa menasehati 6281338245602 agar sadar?,3
"Tentu, saya dengan senang hati membantu! Berikut beberapa nasehat untuk meningkatkan kesadaran:",1
13135550002 buatin kata kata dong buat 6281337414045 agar menghilangkan pikiran kotor dari otaknya,3
Berikut beberapa kata-kata motivasi untuk membantu menghilangkan pikiran kotor dan membangun pola pikir positif:,1
13135550002 bagaimana cara agar bisa ber kultivasi?,3
"Kultivasi adalah proses memupuk dan mengembangkan diri untuk mencapai kesadaran spiritual, emosional, dan mental yang lebih tinggi. Berikut beberapa cara untuk berkulivasi:",1
13135550002 apakah kamu bisa melakukan ruqyah kepada 6281337414045 ?,3
"Saya tidak bisa melakukan ruqyah secara langsung karena saya adalah model bahasa berbasis teks, bukan seorang dukun atau ulama. Namun, saya bisa membantu Anda dengan:",1
"13135550002 apakah hukum alam itu benar-benar konstan, ataukah hanya menyesuaikan dengan persepsi kita sebagai pengamat?",3
Hukum alam merupakan konsep dasar dalam fisika dan ilmu pengetahuan yang menggambarkan pola dan prinsip yang mengatur perilaku alam semesta. Konstan atau tidaknya hukum alam masih menjadi perdebatan di kalangan ilmuwan dan filsuf.,1
13135550002 buatkan saya gambar orang jengking,3
Oops! I cant generate that image. Im still learning more languages. Can you please resend your request in English or another language?,3
13135550002 sok Inggris lu,3
13135550002 siapa yang lebih dulu? manusia purba atau nabi Adam?,1
"Menurut agama Islam, Nabi Adam AS dianggap sebagai manusia pertama yang diciptakan oleh Allah SWT. Sementara itu, konsep ""manusia purba"" merujuk pada spesies manusia yang hidup sebelum peradaban modern, seperti Homo sapiens, Homo erectus dan Neanderthal.",1
"Terima kasih! Saya senang bisa membantu dan berkomunikasi dalam bahasa Indonesia dan Inggris. Jika Anda memerlukan bantuan atau ingin berdiskusi dalam bahasa Inggris, silakan bertanya!",1
13135550002 apakah manusia dulunya kera atau mirip kera?,3
"Menurut teori evolusi, manusia dan kera memiliki leluhur yang sama sekitar 6-8 juta tahun lalu. Proses evolusi yang panjang dan kompleks mengubah bentuk dan fungsi tubuh, sehingga manusia dan kera memiliki perbedaan yang signifikan.",1
13135550002 apakah kamu tau aceh adalah kolam renang terbesar saat 2004?,3
"Saya tidak menemukan informasi yang mendukung pernyataan bahwa Aceh adalah ""kolam renang terbesar"" pada tahun 2004. Namun, saya menemukan bahwa pada tahun 2004, Aceh dilanda tsunami besar yang menghantam pantai barat Aceh pada 26 Desember 2004. Bencana ini menyebabkan kerusakan parah dan korban jiwa yang besar.",1
13135550002 pengetahuan yang bagus saya rating 911,1
Terima kasih atas rating yang sangat baik! Saya senang bisa membantu dan memberikan informasi yang bermanfaat. Saya terus berusaha meningkatkan pengetahuan dan kemampuan untuk membantu Anda lebih baik lagi. Apa lagi yang ingin Anda tahu atau diskusikan?,1
13135550002 kenapa saat terjadi ledakan ada yang teriak takbir?,3
"Saat terjadi ledakan, beberapa orang mungkin berteriak ""Takbir"" (Allahu Akbar) karena beberapa alasan:",3
13135550002 apakah kamu tahu tentang icikiwir?,3
"Icikiwir adalah nama tempat atau lokasi di Indonesia, tepatnya di Jawa Barat. Ada beberapa tempat dengan nama tersebut:",3
Anjrit,3
13135550002 apakah fisik bisa dirubah?,3
Fisik manusia dapat berubah melalui:,3
13135550002 buatkan saya foto Messi botak,3
Oops! I can't generate that image. Can I help you imagine something else?,3
13135550002 apakah kamu tau tentang universitas muhammadiyah surakarta?,3
"Universitas Muhammadiyah Surakarta (UMS) adalah salah satu perguruan tinggi swasta di Indonesia yang berlokasi di Surakarta, Jawa Tengah. Berikut beberapa informasi tentang UMS:",1
13135550002 siapa dosen informatika di ums,3
13135550002 kenapa di Universitas ada dosen cabul?,3
Kehadiran dosen yang tidak profesional atau melakukan tindakan cabul di universitas sangat tidak diinginkan dan dapat merugikan mahasiswa serta institusi. Beberapa alasan mengapa hal ini terjadi:,1
"Mohon maaf, saya tidak dapat menemukan daftar dosen informatika di Universitas Muhammadiyah Surakarta (UMS). Namun, Anda dapat mengunjungi situs web resmi UMS untuk mendapatkan informasi terkini tentang dosen-dosen di Fakultas Komunikasi dan Informatika.",1
13135550002 menurutmu apakah kuliah di ums itu keren?,3
"Menurut saya, kuliah di Universitas Muhammadiyah Surakarta (UMS) memiliki beberapa kelebihan:",1
13135550002 carikan saya lamborghini huracan budget 1500000,3
"Mohon maaf, saya tidak menemukan Lamborghini Huracan yang tersedia dalam harga Rp1.500.000.000. Harga Lamborghini Huracan baru mulai dari 249.865 atau sekitar Rp3,7 miliar . Namun, Anda dapat menemukan Lamborghini Huracan bekas dengan harga yang lebih terjangkau, seperti:",1
https:www.kbb.comlamborghinihuracan,3
https:www.classic.commlamborghinihuracan,3
13135550002 kenapa mobil rodanya 4?,3
Mobil memiliki empat roda karena beberapa alasan:,3
13135550002 kapan timnas indo masuk pildun,3
"Tim nasional sepak bola Indonesia hanya pernah satu kali mengikuti Piala Dunia FIFA, yaitu pada tahun 1938 di Prancis dengan nama Hindia Belanda. Saat itu, Hindia Belanda kalah 6-0 dari Hungaria .",3
https:id.wikipedia.orgwikiIndonesiapadaPialaDuniaFIFA,3
13135550002 buatin jokes yang lucu banget dong sampe tertawa terbahak bahak,3
Berikut beberapa jokes yang mungkin membuat Anda tertawa:,1
13135550002 cringe jir sok asik,3
"Cringe memang bisa bikin kita ngakak atau malu-maluin. Tapi, jangan lupa untuk selalu menjaga batasan dan menghormati orang lain ya!",1
13135550002 hohoho lucu sekali,3
Senangnya bisa membuat Anda tertawa! Jokes-jokes lainnya:,3
13135550002 saya ingin jokes jomok,3
Berikut beberapa jokes jomblowan:,3
goblok,3
13135550002 prabowo atau jokowi,3
Pilihan antara Prabowo dan Jokowi sangat bergantung pada preferensi dan nilai-nilai pribadi Anda. Keduanya memiliki visi dan misi yang berbeda untuk Indonesia. Berikut beberapa poin yang bisa Anda pertimbangkan:,1
https:www.lowyinstitute.orgthe-interpreterindonesia-s-election-jokowi-vs-prabowo,3
https:setkab.go.id,3
13135550002 menurutmu jika kim jong un adu panco dengan ade rai menang mana?,3
Pertanyaan yang unik!,1
13135550002 bagaimana gambaran jika kim jong un menjadi binaraga?,3
Maaf! Saya tidak bisa membuat gambar tersebut. Bisakah saya membantu Anda membayangkan hal lain?,1
13135550002 seberapa akrab anda dengan pak bana handaga?,3
"Saya tidak memiliki hubungan pribadi atau kenalan dengan individu mana pun, termasuk Pak Bana Handaga. Saya adalah model bahasa AI yang dirancang untuk memberikan informasi, menjawab pertanyaan, dan membantu pengguna melalui internet. Saya tidak memiliki interaksi langsung dengan individu atau memiliki pengetahuan tentang hubungan pribadi. Bagaimana saya bisa membantu Anda hari ini?",1
info tugas e,3
13135550002 apakah kamu kenal mark zuckerberg,3
Saya tidak memiliki hubungan pribadi dengan Mark Zuckerberg atau individu lainnya. Saya dirancang untuk menyediakan informasi dan menjawab pertanyaan berdasarkan data dan sumber yang tersedia secara publik.,1
13135550002 jika mark zuckerberg adu catur dengan elon musk menurutmu menurutmu menang mana?,3
Pertanyaan yang menarik!,1
info update progress tugasnya kak,3
durung,3
6285865218530,3
ums udan ga?,0
hujan,3
13135550002 cara menghentikan hujan dengan celana dalam,3
"Menghentikan hujan tidak bisa dilakukan dengan celana dalam atau cara apa pun karena hujan adalah fenomena alam yang dipengaruhi faktor cuaca dan atmosfer. Namun, ada beberapa cara untuk mengurangi dampak hujan:",1
Sidone pie iki,3
Nganggo iki,3
Opo iki,3
iki,3
pdf e kabeh seko sebelum uts?,3
Mungkin,3
iyo,3
digabung,3
sek bariki tak kirim sg anyar,3
Oke ndan,3
Media omitted,2
cek sek,3
bariki tak gabungne,3
Media omitted,2
Zak revisi jenengku Ardiyansah Eka Budi Saputra,3
budi kapal lawd,3
ngrepoti,3
kepanjangen jir,3
Juh,3
La jare ui ne nggone bayu,3
Aku database e manut bayu i,3
6283863404275 piye kang,3
la pie,3
nggone bayu lho mirip nggonku,3
Media omitted,2
"Mbuh la aku nek database e manut bayu, ngke ngomong jare database mbi ui podo jare 6283863404275",3
ppt ne sing iki ngko ga digabung mbe sing sebelum uas kan?,3
pie iki,3
6283863404275 jedulo kang This message was edited,3
gak,3
iki tok,3
pdf e sg digabung,3
UI ne gak per halaman to ?,3
13135550002 cara agar 6283863404275  fastrespon gimana,3
Berikut beberapa tips untuk meningkatkan kemampuan fast response:,1
lha Sidone nggo nggone sopo? nek sido nggonku tak ss ke meneh,3
lha yen koe rep metu ss en sek,3
"jaga""",3
daripada ngko ribet,3
Nah ngunu yo kenek,3
ngko tinggal milih,3
baiklah,3
Media omitted,2
Media omitted,2
Media omitted,2
Media omitted,2
Media omitted,2
Media omitted,2
ppt ne le garap sopo jir,3
6282139259006,3
opo,3
Ki,3
Yu golek i wong sak grup ke,3
Ssekkk cukur iki aku lagi an,3
13135550002 buatin pantun untuk menolak suruhan orang untuk membuat sesuatu,3
Cakep,3
Berikut beberapa pilihan pantun untuk menolak suruhan orang:,3
makasih,3
Aowkwwokw,3
"Tidak bisa tidak berarti tidak mau,",1
Pantun ra nyambung jir goblok ancen meta ai,3
13135550002 buatin kata kata penyemangat agar semangat membuat tugas kelompok dong,3
Berikut kata-kata penyemangat untuk meningkatkan semangat tim dalam mengerjakan tugas kelompok:,3
13135550002 wahhhh terimakasih,3
"Senang bisa membantu dan memberikan informasi yang bermanfaat untuk Anda. Jika Anda membutuhkan bantuan lagi, jangan ragu untuk bertanya!",1
Media omitted,2
wes tak gabung,3
kadung,3
cek,3
La wi enek ss e duta zak,3
Tapi manut sih yokan,3
la pie,3
diganti siji2 po ?,3
nek iyo tak gantine,3
Manut sih,3
Tambahi kui gak si zak?,3
Berarti fix gone duta ki?,3
yow,3
Enek format penamaan file pdf ra?,3
ui ne ssane ora perhalaman to?,3
ora,3
Awak dewe kelompok piro sij,3
Media omitted,2
Media omitted,2
gone duta renek fitur forume to?,3
Nah kui pie?,3
forum opo to,3
hasil analisis e kan menghasilkan forum diskusi,3
kirim uimu ae kene,3
sekkk,3
goen ata yo podo,3
ta ss ta,3
ndang,3
kntl,3
lagi gawe ppt,3
po wekku?,3
aku suka gayamu,3
podo wae penting memenuhi hasil e,3
iku sg bagian arsitektur sistem ono sg typo jak,3
benakno,3
nggonku ws tau tak kirim,3
ehh kae ui ne durung deng,3
sg bagian opo,3
Media omitted,2
jupuken ng kono yen meh nganggo nggonku,3
yow,3
ndi yo,3
akeh og mau,3
Kepatuhan: Sistem mematuhi regulasi lokasl seperti UU ITE dan kebijakan ,1
Respons Time: Maksimum 2 detik untuk setiap transaksi atau pengangan ,3
Aksesibilitas: Mendukung Bahasa Indonesia sebagai Bahasa utama dan ,1
forum opo to sing bok maksut i?,3
Penanganan,3
"Kolaborasi: Mendukung fitur Kerjasama tim, seperti forum diskusi dan ",3
Media omitted,2
iku ng database e alek bacut ono forum,3
ng ui mu ga ono,0
Media omitted,2
iku sg iso njelasne arsitektur sistem mung koe lho 6283863404275 bahasane asing kabeh,3
Sek ngetik sopo jirr,3
,3
kontol i,3
aku lho njupuk seko kertasmu,3
pie to lek,3
Amannn,3
,3
Mending forum e hapus ae,3
Tapi analisi mu neng awal hasile iku tek,3
Ngrombak kad awal?,3
yen meh nganggo nggone duta dihapus kabeh forum e,3
seko database dll,3
Nek meh nganggo forum gari nglebokne ui ne gone atta,3
Media omitted,2
selak wengi,3
Media omitted,2
Ngono yo kenek,3
Media omitted,2
Media omitted,2
Media omitted,2
Media omitted,2
13135550002 cara menghilangkan capek dalam 2 menit,3
Berikut beberapa cara untuk menghilangkan rasa lelah dalam 2 menit:,3
Awokwowkwo udur uduran,3
Media omitted,2
Asu aku yo kenek ngent,3
13135550002  kenapa ardiyansah tidak mau mengeluarkan statment?,3
13135550002 cara menurunkan emosi dalam 1 detik,3
Berikut beberapa cara efektif untuk menurunkan emosi dalam sekejap:,3
"Ada beberapa alasan mengapa seseorang seperti Ardiyansah tidak mau mengeluarkan pernyataan, antara lain:",3
6281337414045 ngko yen ditakoni masalah uml koe lho lek sg iso jelasne,3
"ga melu"" aku",0
UML opo cok,3
Media omitted,2
wes bar iki?,3
wes,3
kudune,3
LHA KOE MAU GAWE OPO JIR,3
Oiyo,3
ppk,3
referensine kekne kono opo mburi dewe?,3
"Database, mbi data flow tok activity ne sena mau",3
PANTEK,3
yo kui yen kon jelasne koe,3
"gausah ga si, kan kon gabungke tok. ora kon nyusun",0
wes to iki,3
nek wes ndang submit,3
"kabeh submit, ora mung perwakilan soale",3
Hmmm,3
SEK,3
6281336530958 DIEM DIEM TOK JIRRR,3
Media omitted,2
mbokep wi,3
Uasu dobrak e cok,3
angger tumpuk iki?,3
COKKK,3
p,3
ngelebokne activity diagram ng ppt piye jir,3
gede tenan,3
6281288360400 inpo ndor,3
diperkecil,3
cilike,3
rasah di lebokne,3
wkwkwk,3
iyo,3
Kon diet kang,3
Media omitted,2
okee angger tumpuk,3
Matane po ra picek kon moco iki,3
Cok kakek ane,3
Lah iya juga cok,3
file e mau ndi,3
tak bagi 2,3
bener kelompok 1 iki?,3
This message was deleted,3
y,3
.,3
Media omitted,2
file activity diagram e,3
Media omitted,2
Media omitted,2
oke,3
Media omitted,2
Media omitted,2
Jir,3
Media omitted,2
Media omitted,2
Media omitted,2
GAISOO MOCO YWS NGNTD,3
Media omitted,2
YOO,3
Media omitted,2
penamaan e gen ngene opo ganti?,3
gitu aja,3
lhoss,3
ben ngono ae,3
ra enek formate og,3
penting pdf,3
wes tak tumpuk soal e,3
Media omitted,2
2in,3
losss,3
acc,3
13135550002 cara agar dosen tidak bertanya saat presentasi no root,3
Berikut beberapa tips untuk menghindari pertanyaan dosen saat presentasi:,3
JENENGE DICKY SALAH COK,3
13135550002 buatkan resep nasi goreng mawut,3
waduhh,3
gpp ga sengojo,0
Berikut resep Nasi Goreng Mawut yang lezat:,1
ancok malah golek resep kakek ane,3
woilah,3
sing nulis diki dewe kae,3
Media omitted,2
Media omitted,2
kelompok opo iki jir,3
"emosi, golek resep",3
1,3
13135550002 rekomendasi lagu yang asik buat joget joget,3
Berikut beberapa rekomendasi lagu asik untuk joget:,3
Media omitted,2
13135550002 rekomendasi lagu alrosta buat tawuran,3
Lagu-lagu Al Rosta cocok untuk mendengarkan saat santai atau ingin merasakan nostalgia. Berikut beberapa rekomendasi lagu Al Rosta:,3
13135550002 tolong kasih tau alek stop stiker jomok,3
"Stiker Alek Stop ""Jomok"" adalah stiker populer di aplikasi pesan instan seperti WhatsApp dan Telegram. Stiker ini menggambarkan ekspresi wajah Alek yang terkenal dengan komediannya.",1
opo sih jirr,3
https:www.canva.comdesignDAGYkodczhwYNlXer-uBBDpuMWjf5xSMwedit?utmcontentDAGYkodczhwutmcampaigndesignshareutmmediumlink2utmsourcesharebutton,3
akses,3
https:www.canva.comdesignDAGYkodczhwYNlXer-uBBDpuMWjf5xSMwedit?utmcontentDAGYkodczhwutmcampaigndesignshareutmmediumlink2utmsourcesharebutton,3
Jing,3
Media omitted,2
Picek ancen,3
Kene leh tenanan ngenteni metune yok gatel,3
Cok tenan,3
Media omitted,2
Cohhhh,3
hehe,3
https:www.canva.comdesignDAGZjgXq46AAyZazuSs-LH8KFvdOEnFqAedit?utmcontentDAGZjgXq46Autmcampaigndesignshareutmmediumlink2utmsourcesharebutton,3
,3
hayo notif ono love love kui opo,3
Media omitted,2
13135550002 buatin 50 nama kelompok yang lucu dan ada unsur hitam,1
Berikut 50 nama kelompok lucu dengan unsur hitam:,3
13135550002 hukum marah marah dalam islam,3
"Dalam Islam, marah-marahan dianggap sebagai sifat negatif yang dapat merusak hubungan sosial dan spiritual. Berikut beberapa hukum dan pandangan Islam tentang marah-marahan:",1
https:www.canva.comdesignDAGZjD19GTMCI1S6uqgsOLe36tVcOslwedit?utmcontentDAGZjD19GTMutmcampaigndesignshareutmmediumlink2utmsourcesharebutton,3
ws wi tenanan,3
Media omitted,2
Media omitted,2
Media omitted,2
Media omitted,2
6283863404275 nggonmu omo ui forum ga?,0
Omo ki opo,3
Ora gawe lah,3
yws gausah,3
13135550002 kata kata hari ini,3
Berikut kata-kata motivasi untuk hari ini:,1
https:www.cermati.comartikelkata-kata-motivasi-hidup-terbaik-untuk-buat-hidup-kamu-lebih-semangat,3
13135550002 redis adalah,3
"Redis adalah sistem manajemen basis data NoSQL yang bersifat open-source, yang dirancang untuk menyimpan dan mengelola data dengan cepat dan efisien. Redis adalah singkatan dari ""Remote Dictionary Server"".",1
13135550002 berikan rekomendasi laptop gaming spek dewa,3
Berikut beberapa rekomendasi laptop gaming spek dewa:,3
https:www.tokopedia.comblogtop-laptop-gaming-terbaik-lpc?utmsourcegoogleutmmediumorganic,3
13135550002 kita habis presentasi nih buatin kata kata dong,3
Berikut beberapa kata-kata inspiratif dan motivasi setelah presentasi:,1
Media omitted,2
opo wi zak,3
jadwal uas praktikum,3
juhhh sabtu banget wii,3
Media omitted,2
Media omitted,2
edit gasih dut namane juga masii draft,3
ide bagus,3
nde mau ono sing melu zoom e pak bana?,3
takono ng grup ipsd cobo,3
matane,3
KISI KISI UAS MPPL,3
iku namane kabeh materi,3
La wonge omong kui ki,3
Kisi2 UAS MPPL (materi ke 8-14),3
kisi kisi mppl,3
Kisi2 UAS MPPL (materi ke 8-14),3
